Name,Stars,Title,Date,Description
buyer,5.0,"5.0 out of 5 stars
Totally capable and worth the buy",06/08/2024,"I recently bought this machine for two purposes. The deal was I'd use this for my freelance work for a month while my 2019 Macbook Pro was being fixed and then my niece gets it for college. So it's really a gift, but I got to use it for a few weeks.My biggest grip is that the ports are all on one side, the side that makes plugging things in on my desk awkward. My Macbook Pro has two ports on each side, and I always end up using the right side ports for charging and for the dongle.But I almost never use it as a LAPtop. It's really a desktop machine that I take from desk to desk with rare appearances not plugged into an external monitor and other devices. It is more portable than my Pro but not enough for it to make a big difference. On a small popup desk in a university auditorium and bouncing around campus, this is probably more noticeable, I just don't have the experience to comment.I only use one external monitor but for power users using two monitors the new M3 chip probably makes a big difference. I don't even know if my 2019 Pro with an Intel chip can do this, I've never tried. But I think power users requiring multiple monitors are aiming for the Pro.Running high-ish intensity apps like IntelliJ with multiple apps in the background, I have to concede that this machine is a little slower than my 2019 Pro. But I think that's largely to do with the fact that my main machine has more RAM. With solid state memory being the norm these days it doesn't matter much, and really even high intensity tasks that make my pro's fan start up only take maybe a second or two more on this machine.I'm not an Apple preacher. I still haven't decided whether I like macOS more than Windows. But Apple hardware seems to be better than any PC hardware in this price range. PC laptops seem to degrade faster, mostly the battery. PC laptop batteries go from 18 hours to 2 hours over the course of 5 years. My Pro battery went from 18 or so to 4 over 5 years. And these days you can't change a PC battery with this form factor either.The Pro screen is definitely better, but again I'm using an external monitor 99% of the time, so it doesn't matter much for me.If you're running high intensity apps you should go for the Pro still, but the difference isn't really that huge. If you're doing things that don't involve high intensity calculations this is probably the best machine on the market especially for the money.If you're trying to decide between this and a PC of similar price and reputation, this is probably the first time I'd say Apple is offering a better product for the money. This machine is cheaper than it should be. So it's really a decision between macOS and Windows. Mac has the better command line out of the box but similar Windows tools can be installed just as easily. For gaming, Windows wins, but this isn't a gaming device. The best benefit to macOS for my work is that my employer won't give administrative privs to Windows users, but for macOS they haven't removed that yet, so I can actually do my job without having to ask permission to install an ad blocker in Chrome. Huge plus."
Michelle,5.0,"5.0 out of 5 stars
Great laptop, too small for my workflow",14/06/2024,"Objectively speaking, the M3 16 gb ram w/ 512 storage is a 5-star computer all day, so I am giving 5-stars.This is a great device, but everyone already knows that, so I am focusing on two big considerations that I had - specs and size. I am just a layperson who primarily uses this device for office work.In sum, wish I could keep this one, but it's just too small. This size is will be great for many users. Further, I will not ever buy a base model (8/256), but many people would probably be fine with base model.Specs-I originally bought a base model M2 (8/256) but swapped it out for the M3 16/512. With a brand new base model M2, I was constantly using memory swap and in yellow memory pressure. This happened immediately and took almost nothing. In addition, I only had ~80 gb of memory left after MacOS, iMessage, etc. took up most of the space on my hard-drive. I spent 2 days trouble-shooting this issue with Apple - turns out my only real option was to spec up. I bought the base model thinking I would be okay since I use cloud based services for everything. I was wrong. For ME, the super savings on the base model are NOT worth it. The savings will be worth it for other people with different needs and preferences. (And, again, I am a just layperson w/ tech. Just trying to share my lay opinion from my experience. Take with grain of salt.)Size-I actually love the size of the 13-inch, but for my work use, the screen is just too small. I use this laptop for work and personal, but my workflow is the most important consideration. I tend to multitask and juggle multiple word processing documents, pdfs, excel spreadsheets, and internet browser tabs. I also use split screen. I just cannot see enough text at once when I review documents - this causes decreased productivity and a far less comfortable experience.So, I have to size up to the 15-inch. If this was JUST a personal laptop, I would keep the 13-inch and absolutely love it.Also, I went to a store and tested out both sizes before purchasing, but that did not help me. Unfortunately, I had to test drive with my actual workflow before I realized the 13-inch was insufficient for my needs.Oh, one other thing. I love the midnight color. But all the fingerprint concerns are 100% legit (even with the M3, which I really did not notice the supposed improvement). I happen to find the beautiful color to be worth the fingerprints, but if that bothers you - do not buy midnight.Good luck, everyone!"
Joe,5.0,"5.0 out of 5 stars
Perfection in every way",28/07/2024,"First off, the size for the 13 inch air Mac is a big enough size for a screen. I was expecting it to be smaller, but was pleasantly surprised.The quality of the screen and resolution and whatnots are impeccable. This runs like a dream. Unless you‚Äôre just setting it up and then it takes a bit to get going due to all the information you‚Äôre logging back in with if you‚Äôre an Apple user.The appearance of this thing is beautiful. I don‚Äôt know if I‚Äôve ever seen a nicer looking laptop than this one. It‚Äôs really sleek looking. Very slim too. Also very very very light, so careful when handling it.The keyboard is practically silent when you‚Äôre typing on it.The speed on it after setting it up blew me away and I‚Äôm so happy I made this purchase. It feels so easy to use when you‚Äôre on it.Highly recommend this laptop to any Apple user that was the M3 chip, a newer laptop upgrade and something to do what you need to off of it. It‚Äôs amazing."
Nicholas Baab,5.0,"5.0 out of 5 stars
2024 M3 Air",05/08/2024,"As a long term apple user and this being my 3rd apple computer (2017 macbook pro i5) (2021 mac mini m2) and this, its very robust in its biuld, feels like alluminum, screen quality is immaculate, very nice color, sounds decent for laptop speakers, scored 39,500 on Silverbench.com on the benchmark test as well as can denoise an image in adobe lightroom classic in under 20 seconds, gaming is also not an issue with the new air, i can run even more complex mac native games on max graphics and it doesnt even get hot. battery life will easily last all day, keyboard is comfortable and easy to type on, one drawback is they took away the app search button and you have to use the spotlight. overall a really solid work laptop"
Adam M.,5.0,"5.0 out of 5 stars
First ever MacBook for School",07/07/2024,"My first ever MacBook. Have always been a windows guy but thought I‚Äôd give it a try. Overall it‚Äôs been about two months of using and I love it so far. Have had multiple people comment how nice my laptop looks.Been using this for school. Decided to finish my senior year online. Truthfully I was a little worried about the 8gb of RAM as most laptops I‚Äôve had have had 16. That being said, I‚Äôve had no issues with it and it has run multiple tabs and windows well seamlessly flowing between them. Have loved working on this for school. Not much storage on the laptop, but really hadn‚Äôt been an issue as I use iCloud and OneDrive for school work.Biggest thing I love is the battery life. It last so long compared to all my other laptops I‚Äôve owned and I don‚Äôt feel tethered to my charger at all.Overall, if you‚Äôre budget allows, I think this is great laptop for school and work. Wouldn‚Äôt recommend for gaming or anything like that, but for just about everything else it seems great. And again, for anyone else wondering like I was , the 8gb model has been more tan enough for my school work so far."
Lee Pallansch,5.0,"5.0 out of 5 stars
Making the change from Windows to Mac",11/08/2024,Received my MacBook Air as promised. Impressed with packaging. Easy to turn on and get started. A little bit of a learning curve as this is my first Mac. Love the integration with my iPhone and iPad and even login by having my Apple Watch on my wrist. Installed apps easily and able to do my basic functions quickly.
Jeremy,5.0,"5.0 out of 5 stars
Great Laptop for my College Student",08/08/2024,Bought this one on a deal and as a present for my son. Looked at several laptop and this one was his choice amongst the other. I know that this would last him through his college days and will serve him well. Quality built is top notch and fast processing power.
AmazonUser476,4.0,"4.0 out of 5 stars
Amazing product. Lacking 5 stars because of the lack of dual monitor support",31/07/2024,"My 2017 MacBook pro died recently, so needed an upgrade.Upgraded to the M3 MacBook air.It really is a beautiful device. A little pricey, but hey thats Macs for ya.The only flaw: the lack of being able to use 2 external monitors with the lid open.My 2017 intel based MacBook pro could do this.This is supposed to be their most powerful chip, kind of crazy they couldn't match what intel could do.Luckily there is a $100 work around (rather than having to spend something like $1,000 extra on an upgraded model with an M3 Pro/Max chip)...look for usb hubs with DisplayLink technology - so that you can use 3 screens at once if thats what you care about. Has worked great with this Mac.Again would be 5 stars if they didn't have the external display limit"
Mehr,4.0,"4.0 out of 5 stars
Love it",31/07/2024,"I use this for college. The battery life is absolutely amazing. I still need to figure out how to navigate through it but i definitely recommend. It came brand new, it works fast, it has some weight to it like a couple of pounds but it‚Äôs nice and thin. The sound quality is amazing too like a normal computer would have. It is amazing but i think any MacBook would be good. I didn‚Äôt like the price of it but other than that, it‚Äôs wonderful. I got it on sale during July 4th, I recommend waiting a bit for it to go on sale again!"
divadayton,5.0,"5.0 out of 5 stars
My first MacBook and I love it!",28/07/2024,I didn‚Äôt open it until I took a MacBook class at Apple today and was relieved to know it is much more user friendly than I thought it would be. I had just upgraded to an IPhone 15 Pro so I was thrilled how many things sync.Looking forward to really getting to take advantage of all its features once I have played around with all the options.
Lily,4.0,"4.0 out of 5 stars
Great",12/07/2024,"Laptop is working great. No over heating, in fact am barely feeling any heat at all. It‚Äôs charging. I was able to set it up and link my other devices. Am accustomed to using HP, Lenovo or any other laptop. It‚Äôs quite different from those other devices. Am happy and content with this purchase. Battery health is 100% and the laptop is brand new. The box was sealed. Am not seeing any fingerprints on it. The screen is so sharp and clear compared to other laptops. The speakers are working great.Quality is like 9/10Appearance is 10/10Screen clarity is 10/10The only think is am wondering how to insert a flash drive because the port is different. I guess I‚Äôd have to get an adapter of the sortü§∑üèΩ‚Äç‚ôÄÔ∏è"
Jesus Medina Jr,5.0,"5.0 out of 5 stars
Amazing Apple Product!!",18/07/2024,"I've been using this MacBook Air for the past two weeks and, It didn't disappoint. This MacBook has been running smoothly with any programs it runs, It is capable to run multiple programs. For Example, say you are doing a project and will require multiple programs to run all while listening to music in the background, well with the M3 Chip, all that is possible, Compared to previous MacBook's, I couldn't express that this MacBook is well worth the money."
Sherwin Ramsey,4.0,"4.0 out of 5 stars
Great laptop, best quality  when it is under $1000",22/07/2024,"The media could not be loaded.
                



I am a grad student at Michigan State and my HP died. I needed a Laptop for school, which starts end if August.Here are the pro‚Äôs and con‚Äôs of the M3 13. macbook airPros1 The keyboard is of great quality and I like the fact that it comes with backlight. It helps for typing in the evening.M3 processorI got a stock laptop and even 8 GB of Ram amd 256 SSD is not horrible. I paid $35 and got a 256 external SSD drive3- beat battery life. Even on optimized settings for watching videos and gaming, you get a solid 11 hours of battery life.The 15‚Äù Macbook air get‚Äôs about 8 and the macboom Pro‚Äôs are in between4 the quality. Nothing beats Apple, I like to keep my laptops for about five years and with the Mackbook air, you can.5 Price When Amazon has a sale it becomes very affordable I bought this for $900 out the doorCaveat there are Cons1 Price for upgrades. Amazon and Apple are charging $200 for 16 GB or Ram $400 for 24 GB and $200 for 512 SSD and $400 for 1TB.Apple care is expensive over $200 even for the cheapest MacBook Air, stock.It is for these reasons wh I have to take away one start and not give a full 5 stars."
Muhammad M Aburoui,4.0,"4.0 out of 5 stars
amazing but has flaws",17/07/2024,"Apple 2024 MacBook Air 13-inch Laptop with M3 ChipThe Apple 2024 MacBook Air with the new M3 chip is a mixed bag. While it boasts impressive speed and efficiency, thanks to Apple‚Äôs proprietary chip, there are significant drawbacks. The laptop remains outrageously expensive, putting it out of reach for many potential buyers. The limited port selection is another frustrating aspect, requiring multiple dongles for basic connectivity needs. Although the Retina display is stunning, the laptop's build quality feels surprisingly fragile for a premium product. Battery life, though decent, doesn‚Äôt live up to the hype Apple has created around it. For a machine that is supposed to represent the future of laptops, it feels more like a costly compromise."
D.S,5.0,"5.0 out of 5 stars
Impressive performance",11/07/2024,"mpressive Performance and Sleek DesignThe Apple 2024 MacBook Air is a fantastic upgrade. The 13.6-inch Liquid Retina Display is stunning, offering vibrant colors and sharp details. The 8GB of unified memory and 512GB SSD storage ensure smooth performance and ample space for all my files and applications.The M3 chip significantly boosts speed and efficiency, making multitasking and running demanding applications a breeze. The backlit keyboard is comfortable to type on, and Touch ID provides quick and secure access to the laptop. The 1080p FaceTime HD camera is a great improvement, offering clear and crisp video quality for virtual meetings.The Midnight finish is sleek and modern, adding a touch of elegance to the overall design. Battery life is excellent, lasting through a full day of work without needing a recharge. This MacBook Air is perfect for both professional and personal use, combining performance, portability, and style. Highly recommend it to anyone looking for a top-tier laptop!"
matthew Sturdevant,5.0,"5.0 out of 5 stars
For anyone wondering if the base model is enough, let me assure you - it absolutely is!",10/07/2024,"I recently purchased the 2024 MacBook Air M3 (base model) and it has completely blown me away. For anyone wondering if the base model is enough, let me assure you - it absolutely is!Here's what I love:Powerhouse Performance: The M3 chip is incredibly powerful. I haven't experienced any lag, even with multiple demanding applications open. This thing chews through everyday tasks and even handles some light photo and video editing without breaking a sweat.Featherlight Design: This laptop is unbelievably light. I can barely feel it in my bag, making it perfect for commuting or travel.Battery Life for Days: The battery life is nothing short of phenomenal. I easily get a full day's work done on a single charge, and then some!Stunning Display: The bezels are practically non-existent, giving you maximum screen real estate. And what a screen it is! The colors are vibrant, the text is sharp, and it's a joy to work on.Incredible Value: You get so much for your money with this laptop. It's the perfect balance of performance, portability, and price.Overall:This MacBook Air is a triumph. Apple has knocked it out of the park with the M3 chip and refined design. If you're looking for a powerful, portable, and long-lasting laptop, look no further than the 2024 MacBook Air M3. You won't be disappointed!"
chevykevy68,5.0,"5.0 out of 5 stars
Nice laptop",31/07/2024,"I bought this as a replacement for an older Macbook Pro. The old laptop still works great. It won't update anymore. After debating for some tme, I decided to try this new M3 model. Great performance. The display is phenomenal."
Kbill,5.0,"5.0 out of 5 stars
Good price",20/07/2024,I replaced my desk top computer with this laptop. The laptop is attached to my 45inch monitor and I love it. Plenty of room on my desk now. Only negative is it has taken a few days to learn how to use my first laptop. Price was great replaced a 25 year old desk top. Also used points thru Amazon.
The Pen & Sword,3.0,"3.0 out of 5 stars
Not worth the money, performs less than PC",09/08/2024,"This is my 3rd Apple in a row, for a decade I have used both machines.Both have pros and cons, to be sure but Apple is brutal on anything non-Apple:That means anything you own that isn't Mac is gonna struggle or not work with it.Also, so many functions just don't work well.I fight the fingerprint every single time I use it.I have to de-do the process monthly, or it does nothing.Sometimes the mouse pad doesn't work.Other times, the Safari app just freezes and nothing worksOften, my Mac compatible printer just won't work, scan or print.So, for the fun stuff it's great, security is okbut it works against me more than with me-75% of the time it locks me out even thoughall passwords and everything has remained the same.If you're all in on all Apple then it may be a good solution for you.For me, as long as they're being so constrictive and prohibitive-and the APPLE HELP is nearly worthless-Hours on the phone or in a line,and no help on line or on the machine itself.I go to help groups to figure out how to do basic thingsand even then, no one knows and Apple doesn't help.I just got one of their best tools and found it so unpleasant to useI will go back to all PC where at least things work well and easily.Peace"
A.Sh,5.0,"5.0 out of 5 stars
Highly recomended",28/07/2024,"I recently purchased this item and I couldn‚Äôt be happier with it. The quality is outstanding, and it works exactly as described. The customer service was also excellent, with prompt responses to my queries. I highly recommendAnd It was hadned to me directly"
Stephen,5.0,"5.0 out of 5 stars
great product",13/07/2024,"great product use everyday came exactly as advertised, very sleek smooth outside and love the color this laptop stays charged longer then any I have ever seen and makes no sound what's so ever. definitely worth the money if you are looking for a Mac I extremely recommend the M3. the light weight and thinness make this laptop very mobile so its not annoying to lug around if its in your bag you barely even notice!!"
Christy,5.0,"5.0 out of 5 stars
Good to be back",23/07/2024,My old Apple MacBook was dying a slow death after 11 years. I tried switching to windows and MS and it was painful. After a few months of frustration I found this one and caved. So much more efficient and amazing battery life.
Sherry,5.0,"5.0 out of 5 stars
Love it",03/08/2024,I wasn‚Äôt expecting it to be brand new out of the box but it was and I love it I also love how well packed it was . The sound works perfect and it was a great price
Gail K.,5.0,"5.0 out of 5 stars
Awexome laptop, shipped promptly",10/08/2024,"This 2024 Apple MacBook Air 13"" Me A3113 is an awesome laptop.  It was delivered promptly."
Sarah,5.0,"5.0 out of 5 stars
Love this!",19/07/2024,"I'm a college student and this works perfect for everything I need to do. I haven't seen many reviews from college students, but this is definitely the best bang for your budget.  This laptop runs everything I need. I did get this in midnight and it is gorgeous, but fingerprints do show up SUPER easy. Other than the fingerprints, I definitely recommend this laptop!"
Linda,5.0,"5.0 out of 5 stars
Awesome batter life",04/08/2024,I use it to replace my 2020 MacBook pro and have been impressed by its batter life.
Damber Bokati,4.0,"4.0 out of 5 stars
Good performance but felt like it catches fingerprints.",01/08/2024,"It is really good, this is my second mac and liked it but it‚Äôs wired that it catches finger print so easily, mainly on keyboard and the side of the mouse pad. They should improve that!"
Patrick Schneider,5.0,"5.0 out of 5 stars
I am in love with this laptop!!",24/06/2024,"This laptop is a complete game changer. I am usually a PC guy but I ended up getting a Mac to change things up. The way you can text and easily connect any Apple device to it so easily completely changed how I do my work and leisure shopping. The M3 chip is also insanely fast and the extra RAM definitely helps me browse more things at once. I haven‚Äôt edited anything yet, but I‚Äôm sure it would be perfect for any job that is needed. The color is also perfect as I haven‚Äôt seen any finger prints yet. Would recommend completely!!"
Luis Murillo,5.0,"5.0 out of 5 stars
Buen producto, buen descuento.",29/07/2024,"Excelente computador, compre la version de 512gb y 16gb de ram, y va muy fluida, la bateria dura mucho, y amazon me dio un buen descuento, por el cual estoy agradecido."
NG,5.0,"5.0 out of 5 stars
Great for college studehts",04/08/2024,Small enough to be portable but large enough screen overall.  Macs rarely disappoint.
S. Sehgal,5.0,"5.0 out of 5 stars
Amazing laptop and what a deal.",22/07/2024,I got the new MacBook Air for $710 from Amazon resale. It was listed in accepted condition but to my surprise the laptop came in flawless condition with no signs of use and only 2 battery cycles. The charger and original cable was also included. Laptop is super light weight and surprisingly fast even with 8 gb unified memory.
krs,5.0,"5.0 out of 5 stars
It‚Äôs a MacBook‚Ä¶.dependable",08/08/2024,Know the MacBooks well.  Good shipping and hassle-free delivery
Dario Move,5.0,"5.0 out of 5 stars
In love",08/08/2024,It‚Äôs an excellent upgrade from M1 to M3
Little DAB,5.0,"5.0 out of 5 stars
Fast work horse",07/07/2024,"My 9 year old Mac Book Pro needed to be replaced, it had spilled water all over it. Went w this unit, with great results. Had it a month or so. Backing up from old MBP was simple. Its bluetooth wife connectivity is exemplary. It's blazing fast. Customer service next to none!! And I'm finally learning Apple software too. Only took...."
Rosario borda,5.0,"5.0 out of 5 stars
Todo bien",03/08/2024,Llego en excelente estado y el color es muy bonito
Bakhodir Akilkhanov,5.0,"5.0 out of 5 stars
The best",08/08/2024,The best.I recommend.
David Howard,5.0,"5.0 out of 5 stars
Decent deal. Good laptop.",01/08/2024,Easy enough my brother didn't miss using Win. Added a USB-A to USB-C hub so his old peripherals can work.
Amazon Customer,5.0,"5.0 out of 5 stars
Great deal from Amazon!",28/06/2024,There are lots of reviews of the M3 MBA on the internet so I‚Äôm not going into product reviews.I received a brand new sealed machine without any flaws from Amazon at an amazing 18% off discount.Battery cycle count is 1 which is perfect.Great deal! Considering the official Apple Store never offers any discount.I will buy the 15 inch model from Amazon again when there is a similar deal.
Steve S,5.0,"5.0 out of 5 stars
great new MacBook air",29/07/2024,"replaced 2019 intel MacBook air. This is much better quiet, runs cool and long battery life. Also much faster."
J,5.0,"5.0 out of 5 stars
Love the battery life on these",07/07/2024,"Fantastic battery life, performance and well integrated with phone/iPad in the Apple Ecosystem.  Worth getting this over the M2 to have the faster disk speed and mag-safe charging that can break away if someone trips on the cord, etc and save the laptop from going for a spin. Great for students."
DG,5.0,"5.0 out of 5 stars
Great",30/07/2024,Excellent product. My daughter is using it for college
Charles Brett,5.0,"5.0 out of 5 stars
Same size screen, with a smaller computer",24/06/2024,"Replaced a 2013 Macbook Air with the this one and wow, what a difference! Everything is so much faster - from the time for apps to start, to when email is loaded. I thought previously delays were my internet speed, but it was the old computer.As a bonus, the newer 13"" model is actually smaller than the old one, which means it still fits in my bag. The keyboard is slightly smaller, but not by much."
Person,5.0,"5.0 out of 5 stars
fast delivery",10/07/2024,Love my MacBook and how much cheaper it is on amazon. It was temporarily out of stock when I ordered it but when it finally shipped it took less than a day to be delivered!
Mariah abel,5.0,"5.0 out of 5 stars
Can add different add ons",24/07/2024,works really well with all of the add ons that I had to get for college
Jeneva Samples,5.0,"5.0 out of 5 stars
Better and cheaper than last iPad and under half the cost of M4 ipaf",09/07/2024,This has been so much Ed lighter than my m1 iPad Air and having a really is has made it much easier to use vs a tablet.  Sure it isn‚Äôt a touchscreen but now I don‚Äôt have finger smudges.
Sherry and Lexie,5.0,"5.0 out of 5 stars
So light and thin!",16/07/2024,My old Mac was too heavy and thick. I‚Äôm a teacher so I needed something light and easy to carry to school. This is PERFECT! Very happy.
JORGE MARROQUIN,5.0,"5.0 out of 5 stars
Super fast. Super attractive.",25/07/2024,My fave owned Mac thus far. The midnight finish is just beautiful
lana,5.0,"5.0 out of 5 stars
love it",31/05/2024,"My old laptop was dying a slow death and I was debating whether it was time to just bite the bullet and buy a new one. I'm heavily into the apple ecosystem so wanted to stick with a macbook but wasn't necessarily going to go for brand new, latest model. But after price shopping and realizing I could save 150$ over Apple's price by buying it on Amazon, and I would get the 5% back with my credit card...sold. I was a little worried it would take a beating in shipping but it was well packaged and arrived right when expected, when I had planned to be home for it. And I love the black color!"
Muhammad Amer,5.0,"5.0 out of 5 stars
Apple MacBook Air M3",19/07/2024,Got it at a wonderful price. Very fast and realisable machine.
eBoosler,5.0,"5.0 out of 5 stars
As Good As It Gets.",26/07/2024,"My newest MacBook, maybe my 4th or 5th over the years.. Awesome."
Dom,5.0,"5.0 out of 5 stars
Great Quality Computer",17/07/2024,This computer is amazing. I have had zero complaints about it. Works great with my video editing software and also great to watch movies on.
Christopher W. Martin,5.0,"5.0 out of 5 stars
Recommend",26/07/2024,Good price. Beautiful color. Not really heavy. Recommend
Rony Muzo,5.0,"5.0 out of 5 stars
MacBook",26/07/2024,Me gust√≥ much√≠simo! Est√° muy hermosoHice una buena compra üëç
Jason,5.0,"5.0 out of 5 stars
Great laptop!",10/07/2024,I was hesitant to buy it because there was only 8gb of ram and I didn‚Äôt think that would be enough but it hasn‚Äôt been a problem at all. It has done everything I wanted to do with ease. It‚Äôs fast! It has a nice screen. While this isn‚Äôt a high end MacBook it is still the best I have ever owned. The M3 processor is amazing! Aesthetically it is beautiful! It is very thin and light. It feels like cutting edge technology.
D. Harper-Kingsbury,5.0,"5.0 out of 5 stars
great computer",29/07/2024,"looks great, works smoothly, pretty light/thin, overall awesome computer"
Dee Dee,5.0,"5.0 out of 5 stars
Top quality",20/07/2024,Top quality. Graduation gift for my son.
Angela,5.0,"5.0 out of 5 stars
Great for college!",26/07/2024,Get it.
Amazon Customer,5.0,"5.0 out of 5 stars
Exactly what I was looking for in a MacBook",07/07/2024,I purchased the MacBook Air M3 at a great price and it's a major upgrade from my previous Intel processor.
Stephanie T.,5.0,"5.0 out of 5 stars
Works great!",25/07/2024,Love the speed!
Bawlmer Brave,5.0,"5.0 out of 5 stars
Typical Apple",13/07/2024,Solid computer which I expect will last my daughter thru college.
Beatrice Brown,4.0,"4.0 out of 5 stars
I Was Wondering Why I Didn‚Äôt See A 5 % Cash Back Is?",12/07/2024,There‚Äôs No Book With It. I Don‚Äôt Know How To Use Some Things On It. I Would Like My 5% Cash Back.
Hershey Bar,4.0,"4.0 out of 5 stars
Good Quality",14/07/2024,Confusing at first but works very well for the price compared to I other expensive ones
PK,5.0,"5.0 out of 5 stars
I love mine",18/07/2024,I love how light it is and this work great.
Kindle Lover,5.0,"5.0 out of 5 stars
Great price ‚Ä¶",29/06/2024,Best price anywhere for this product with the latest chip.  I love Apple products and was motivated to update my 8 year old unit because of the price for the latest features.
Allie B Nokes,5.0,"5.0 out of 5 stars
Nice laptop",25/06/2024,Wish I had gotten the MacBook Pro so I could use my experiences cords and plugs but this does what I needed it for. If using for work I would go for more memory. Nice looking and great battery life.
Kimmy,3.0,"3.0 out of 5 stars
Not a bad deal but‚Ä¶..",31/07/2024,"I received it with a broken screen.I was so excited. Waiting for it to come was like Christmas because it is for school, and when it did i just had to open it immediately. I took it out of the box like it was a newborn baby. My mom and gram thought it was funny. But once it turned on to the welcome main starter screen. We all could see the LCD under the screen broke and looked like it was leaking across the bottom of the screen. Thankfully I bought it with AppleCare+ and drove 2 hours to be told to come back in 3 days to drop it off; just to pick it up in a week with it fixed. So that‚Äôs minimal 6 hours of waisted gas and no computer for school.So I am just glad that Apple themself is actually doing the right thing because Amazon was not going to help."
Lorca,5.0,"5.0 out of 5 stars
What a Joy. Another Great Apple Upgrade",16/06/2024,Upgraded from a 2020 Retina screen Macbook Air. This one feels 1000% faster and the keyboard is so much better. Just love it. The longer lasting battery is super helpful. I'd recommend this computer to anyone who doesn't use it to make movies or play video games (only because I don't know what those requirements might be).
Mai,5.0,"5.0 out of 5 stars
Excellent!",20/06/2024,I was a little skeptical purchasing an apple computer on Amazon but nothing to be worried about in the end. Everything came extremely well packaged. My son loves his new computer and it was great getting the efficiency through Amazon.
Averyr,5.0,"5.0 out of 5 stars
Love it. There really is a difference!",15/05/2024,"I finally had it watching little wheels spin around on my other PC laptops. The final straw occurred at the beginning of May when I was about to record a legal video deposition, and I needed the PC to capture video that could be streamed to law firms across the country. Surprisingly, my PC decided to upgrade just when I was about to begin, even though I had it running the night before. I was accompanied by a handful of attorneys waiting for me to start. After a few minutes, I excused myself, went to the parking garage, and retrieved a backup computer. Fortunately, that machine booted in a few minutes. That's when I decided to purchase a MAC.  This machine is fast; it just does it when I ask it to do something, such as open a video. It also has a refined feel and is amazingly compact. Do I have the buyer's remorse? No, I do not."
JJA,5.0,"5.0 out of 5 stars
Compact device that works!",14/07/2024,Pleased with this travel device.
Virginia Manzella,5.0,"5.0 out of 5 stars
Love Apple",02/07/2024,This is our second Mac. Love this MacBook Air. Great price too.
Yusall Claud,5.0,"5.0 out of 5 stars
good",07/07/2024,I am an Apple fan
Valerie,5.0,"5.0 out of 5 stars
Reliable",18/07/2024,"The media could not be loaded.
                



I had 2017 mac before, so it was time to upgrade. I decided to get a similar laptop to what I had before, and my pick was 2024 MacBook Air. I am happy with my choice so far, it has been a few months now. It works great, fast and lightweight! Holds battery for a LONG time, which is my favorite part about Apple honestly."
Danny,5.0,"5.0 out of 5 stars
Too heavy.",09/07/2024,"very good , but too heavy."
C. A. Dreyfus,5.0,"5.0 out of 5 stars
great computer, fast and works troughtout anything you trow at it.",01/07/2024,"This new processors are a different beast, it's a great computer, fast, and works throughout anything you trow at it."
Samuel Giordano,5.0,"5.0 out of 5 stars
Superb lap top",12/07/2024,"The best lap top ever. Quick reliable, efficient, logic , light, good battery time , beautiful screen."
Lawrence Dear,5.0,"5.0 out of 5 stars
School item.",03/07/2024,I like apple products and will be using it to further my education.
Sade Smith,5.0,"5.0 out of 5 stars
It's mostly like an iphone.",03/07/2024,"So far so good, my daughter likes it."
Kinkarku,5.0,"5.0 out of 5 stars
Apple Excellence",02/07/2024,I love my new 2024 MacBook Air! Longest lasting battery I‚Äôve ever used on any piece of technology!
dove,5.0,"5.0 out of 5 stars
very good fast and running macbook!",20/06/2024,I have had it for a week and it works very fast! I would suggest to buy it if you really need it though.
Beverly,5.0,"5.0 out of 5 stars
Macbook Air 13-incn laptop with M3 chip",01/07/2024,Love it and it's fast and smooth.
Nora,5.0,"5.0 out of 5 stars
Gran producto",07/07/2024,Genial
RAZVAN,5.0,"5.0 out of 5 stars
Good price",27/06/2024,"Good price, slow delivery, still worth it !"
C. Jaeger,5.0,"5.0 out of 5 stars
Just what I needed",31/05/2024,"I've been using Macs since the little tan box that people now use as fish bowls so I wasn't surprised that this MacBook is fast and convenient. The battery lasts much longer than I expected and charges relatively quickly. Being a fireman's wife, I check for heat both on the charger and the computer case while it's charging and don't detect any. However, I never leave any device charging when no one is around. That's just common sense. It's  lot of computer for the money and I'm happy I bought it."
B.Kidd,5.0,"5.0 out of 5 stars
Love it",13/06/2024,"I adore this laptop. Excellent performance. I bought it to replace a 2017 MacBook.  I got the starlight color, and it‚Äôs gorgeous. It‚Äôs subtle and unique."
Amazon Customer,5.0,"5.0 out of 5 stars
Great purchase",26/06/2024,It is as great as all Apple products
Carlos A.,4.0,"4.0 out of 5 stars
Great machine, performs well and looks awesome but..",24/05/2024,"The machine is awesome, super light and comfortable to use.  my only regret is not spending the little bit extra to get the 16 GB RAM.  sometimes when I have too much going on and multiple open sessions on the machine it slows down."
Mirta,5.0,"5.0 out of 5 stars
Excelente compra",27/07/2024,"The media could not be loaded.
                



Renov√© mi antigua MacBook Pro 2017 y vaya que se nota el cambio. En rendimiento y en bater√≠a, la bater√≠a es absurdamente buena, no se calienta la pc, es una chulada de m√°quina, saltar a la M3 es la mejor decisi√≥n que tom√©"
Stephen C.,5.0,"5.0 out of 5 stars
I bought it for my wife. She loved it.",24/06/2024,"I love the speed, picture resolutions, and ease of use"
Buen producto y entrega r√°pida,5.0,"5.0 out of 5 stars
Muy linda",19/06/2024,Muy buena calidad producto original
M. Stephens,5.0,"5.0 out of 5 stars
This is a super system, hoping to unlock some of the Apple silicon magic of the M3 CPU.",24/06/2024,Exactly what I hoped for.
Ivan Flores,5.0,"5.0 out of 5 stars
I love this Mac",26/06/2024,Great product & high Quality.
Pete,5.0,"5.0 out of 5 stars
Nice",23/06/2024,I use it for my business.
Jos√© Gabriel Su√°rez P√©rez,5.0,"5.0 out of 5 stars
Lo mejor",23/06/2024,Buen computador
pukimo,5.0,"5.0 out of 5 stars
Shipment Promise kept",15/05/2024,"The item arrived to my house on time, and because I wasn't home to receive it: theres always the advantage of having your home all fenced in, and all gates locked.  It is lighter than my older lap top, and it is easier to carry (now that I'm 65, things seem heavier than in the past). I like that I can carry it with me wherever I go. It came well protected (a box within a box), and delivered on time."
karen short,5.0,"5.0 out of 5 stars
Buy this!",25/05/2024,"Went to Best Buy to see what they had in stock. Same computer but this one was $999 there‚Äôs was $1,299.  I paid $999 here with this seller plus added the 3 year apple care for the price it was for just lap top at Best Buy.Easy set up completed by 16 year old.  Nice weight not heavy.  Excellent purchase!"
sharon e.,5.0,"5.0 out of 5 stars
Nice!",17/06/2024,Very pleased with this computer.
Marisa Gaete,5.0,"5.0 out of 5 stars
Amazing Laptop",11/06/2024,Exactly what I wanted. Great sale on the item and came super quick!
Shaneo,5.0,"5.0 out of 5 stars
Ipad user back to a laptop",05/06/2024,"Love the Apple ecosystem. going from device to device is seamless. Laptop is great - fast, lightweight and intuitive for the most part (maybe not so if coming from Windows). I tend to have some relearning whenI am on a Windows machine. Only complaint right now is price/capacity."
Frank Falatico,5.0,"5.0 out of 5 stars
Doesn't get any better than this thing",20/06/2024,"This has everything you want, the looks, the price, the durability, the performance. it does everything that you need it to do."
